ensembl_gene_id	hgnc_symbol
ENSG00000281813	KAT6B
ENSG00000280680	HHAT
ENSG00000280908	PADI4
ENSG00000281879	ABO
ENSG00000282956	MAGI1
ENSG00000283100	SIRT2
ENSG00000280905	CYP2D6
ENSG00000282966	CYP2D6
ENSG00000282848	MYO16
ENSG00000283284	CYP2D6
ENSG00000283447	NDUFS1
ENSG00000208023	MIR185
ENSG00000134294	SLC38A2
ENSG00000229314	ORM1
ENSG00000180210	F2
ENSG00000132911	NMUR2
ENSG00000236251	HSPA1L
ENSG00000166847	DCTN5
ENSG00000149256	TENM4
ENSG00000184160	ADRA2C
ENSG00000117971	CHRNB4
ENSG00000147168	IL2RG
ENSG00000207948	MIR328
ENSG00000184588	PDE4B
ENSG00000255974	CYP2A6
ENSG00000273525	SNORA54
ENSG00000049246	PER3
ENSG00000150782	IL18
ENSG00000166741	NNMT
ENSG00000110195	FOLR1
ENSG00000236884	HLA-DRB1
ENSG00000070886	EPHA8
ENSG00000176340	COX8A
ENSG00000014641	MDH1
ENSG00000182010	RTKN2
ENSG00000221456	MIR1202
ENSG00000226260	HLA-DRA
ENSG00000101463	SYNDIG1
ENSG00000188257	PLA2G2A
ENSG00000275917	CHRFAM7A
ENSG00000273686	B2M
ENSG00000283494	DLGAP2
ENSG00000134184	GSTM1
ENSG00000135441	BLOC1S1
ENSG00000225967	TAP2
ENSG00000243970	PPIEL
ENSG00000149311	ATM
ENSG00000088832	FKBP1A
ENSG00000213260	YWHAZP5
ENSG00000185231	MC2R
ENSG00000149554	CHEK1
ENSG00000112245	PTP4A1
ENSG00000172270	BSG
ENSG00000213366	GSTM2
ENSG00000176986	SEC24C
ENSG00000145675	PIK3R1
ENSG00000232804	HSPA1B
ENSG00000151150	ANK3
ENSG00000102974	CTCF
ENSG00000267195	MIR212
ENSG00000108439	PNPO
ENSG00000198929	NOS1AP
ENSG00000181072	CHRM2
ENSG00000151689	INPP1
ENSG00000133112	TPT1
ENSG00000105329	TGFB1
ENSG00000108924	HLF
ENSG00000230108	TNF
ENSG00000172939	OXSR1
ENSG00000198997	MIR107
ENSG00000073050	XRCC1
ENSG00000069696	DRD4
ENSG00000099331	MYO9B
ENSG00000230456	DDR1
ENSG00000179218	CALR
ENSG00000101307	SIRPB1
ENSG00000113645	WWC1
ENSG00000225201	HLA-E
ENSG00000278232	CRHR1
ENSG00000254647	INS
ENSG00000067182	TNFRSF1A
ENSG00000142168	SOD1
ENSG00000128849	CGNL1
ENSG00000109819	PPARGC1A
ENSG00000186038	HTR3E
ENSG00000117448	AKR1A1
ENSG00000226275	LTA
ENSG00000113594	LIFR
ENSG00000163531	NFASC
ENSG00000170458	CD14
ENSG00000109132	PHOX2B
ENSG00000100345	MYH9
ENSG00000174667	OR7D4
ENSG00000099991	CABIN1
ENSG00000196126	HLA-DRB1
ENSG00000130649	CYP2E1
ENSG00000174469	CNTNAP2
ENSG00000128683	GAD1
ENSG00000084093	REST
ENSG00000119912	IDE
ENSG00000223952	TNF
ENSG00000003137	CYP26B1
ENSG00000100983	GSS
ENSG00000129455	KLK8
ENSG00000231408	LTA
ENSG00000125266	EFNB2
ENSG00000113013	HSPA9
ENSG00000226790	HNRNPA3P1
ENSG00000138336	TET1
ENSG00000089199	CHGB
ENSG00000130751	NPAS1
ENSG00000164756	SLC30A8
ENSG00000205927	OLIG2
ENSG00000147434	CHRNA6
ENSG00000101544	ADNP2
ENSG00000179388	EGR3
ENSG00000135457	TFCP2
ENSG00000107643	MAPK8
ENSG00000166710	B2M
ENSG00000113790	EHHADH
ENSG00000132746	ALDH3B2
ENSG00000179841	AKAP5
ENSG00000162735	PEX19
ENSG00000136750	GAD2
ENSG00000234475	HSPA1A
ENSG00000100425	BRD1
ENSG00000155368	DBI
ENSG00000129673	AANAT
ENSG00000198793	MTOR
ENSG00000184357	HIST1H1B
ENSG00000205937	RNPS1
ENSG00000142408	CACNG8
ENSG00000184058	TBX1
ENSG00000259207	ITGB3
ENSG00000113520	IL4
ENSG00000189403	HMGB1
ENSG00000144410	CPO
ENSG00000169862	CTNND2
ENSG00000107902	LHPP
ENSG00000136244	IL6
ENSG00000111679	PTPN6
ENSG00000160145	KALRN
ENSG00000187758	ADH1A
ENSG00000281139	STH
ENSG00000161955	TNFSF13
ENSG00000070010	UFD1L
ENSG00000134121	CHL1
ENSG00000197110	IFNL3
ENSG00000038295	TLL1
ENSG00000128272	ATF4
ENSG00000102452	NALCN
ENSG00000114115	RBP1
ENSG00000187323	DCC
ENSG00000274089	PRIMA1
ENSG00000196628	TCF4
ENSG00000163497	FEV
ENSG00000125510	OPRL1
ENSG00000169992	NLGN2
ENSG00000186716	BCR
ENSG00000135218	CD36
ENSG00000164690	SHH
ENSG00000117016	RIMS3
ENSG00000157152	SYN2
ENSG00000119689	DLST
ENSG00000168621	GDNF
ENSG00000107077	KDM4C
ENSG00000064012	CASP8
ENSG00000100644	HIF1A
ENSG00000234078	DDR1
ENSG00000101558	VAPA
ENSG00000100030	MAPK1
ENSG00000124731	TREM1
ENSG00000092847	AGO1
ENSG00000129988	LBP
ENSG00000183762	KREMEN1
ENSG00000123838	C4BPA
ENSG00000081138	CDH7
ENSG00000136869	TLR4
ENSG00000089234	BRAP
ENSG00000229767	DDR1
ENSG00000234729	AGER
ENSG00000186487	MYT1L
ENSG00000276155	MAPT
ENSG00000184113	CLDN5
ENSG00000102195	GPR50
ENSG00000137764	MAP2K5
ENSG00000185838	GNB1L
ENSG00000147955	SIGMAR1
ENSG00000165029	ABCA1
ENSG00000143727	ACP1
ENSG00000160211	G6PD
ENSG00000101405	OXT
ENSG00000127884	ECHS1
ENSG00000198049	AVPR1B
ENSG00000075624	ACTB
ENSG00000207008	SNORA54
ENSG00000153233	PTPRR
ENSG00000232339	NOTCH4
ENSG00000153107	ANAPC1
ENSG00000231555	HSPA1B
ENSG00000204655	MOG
ENSG00000134460	IL2RA
ENSG00000198576	ARC
ENSG00000110680	CALCA
ENSG00000124523	SIRT5
ENSG00000148408	CACNA1B
ENSG00000123454	DBH
ENSG00000135537	LACE1
ENSG00000074211	PPP2R2C
ENSG00000251380	DCANP1
ENSG00000183117	CSMD1
ENSG00000038002	AGA
ENSG00000111291	GPRC5D
ENSG00000179981	TSHZ1
ENSG00000186868	MAPT
ENSG00000116329	OPRD1
ENSG00000112115	IL17A
ENSG00000235109	ZSCAN31
ENSG00000174808	BTC
ENSG00000198010	DLGAP2
ENSG00000169418	NPR1
ENSG00000100292	HMOX1
ENSG00000161681	SHANK1
ENSG00000162772	ATF3
ENSG00000144644	GADL1
ENSG00000104972	LILRB1
ENSG00000104722	NEFM
ENSG00000278728	CNTNAP2
ENSG00000113319	RASGRF2
ENSG00000171864	PRND
ENSG00000113196	HAND1
ENSG00000164778	EN2
ENSG00000089250	NOS1
ENSG00000164326	CARTPT
ENSG00000151623	NR3C2
ENSG00000196139	AKR1C3
ENSG00000150867	PIP4K2A
ENSG00000229295	HLA-DPB1
ENSG00000204287	HLA-DRA
ENSG00000141480	ARRB2
ENSG00000110104	CCDC86
ENSG00000106018	VIPR2
ENSG00000117115	PADI2
ENSG00000186297	GABRA5
ENSG00000159176	CSRP1
ENSG00000156976	EIF4A2
ENSG00000095794	CREM
ENSG00000228220	HLA-J
ENSG00000100393	EP300
ENSG00000149124	GLYAT
ENSG00000007129	CEACAM21
ENSG00000143850	PLEKHA6
ENSG00000054392	HHAT
ENSG00000276452	LILRB1
ENSG00000235680	HLA-G
ENSG00000204267	TAP2
ENSG00000151388	ADAMTS12
ENSG00000184381	PLA2G6
ENSG00000198785	GRIN3A
ENSG00000155011	DKK2
ENSG00000124253	PCK1
ENSG00000197838	CYP2A13
ENSG00000033170	FUT8
ENSG00000149968	MMP3
ENSG00000275122	THEMIS
ENSG00000091513	TF
ENSG00000164400	CSF2
ENSG00000225824	HLA-DQB1
ENSG00000170396	ZNF804A
ENSG00000162951	LRRTM1
ENSG00000134909	ARHGAP32
ENSG00000124334	IL9R
ENSG00000174576	NPAS4
ENSG00000236579	HCG9
ENSG00000113555	PCDH12
ENSG00000164867	NOS3
ENSG00000145863	GABRA6
ENSG00000184486	POU3F2
ENSG00000234599	HCG9
ENSG00000149292	TTC12
ENSG00000132514	CLEC10A
ENSG00000116478	HDAC1
ENSG00000140511	HAPLN3
ENSG00000198223	CSF2RA
ENSG00000176771	NCKAP5
ENSG00000070778	PTPN21
ENSG00000134265	NAPG
ENSG00000152291	TGOLN2
ENSG00000087245	MMP2
ENSG00000151322	NPAS3
ENSG00000007171	NOS2
ENSG00000134532	SOX5
ENSG00000002586	CD99
ENSG00000112592	TBP
ENSG00000079215	SLC1A3
ENSG00000278565	CEACAM21
ENSG00000074416	MGLL
ENSG00000101200	AVP
ENSG00000233276	GPX1
ENSG00000229058	AGER
ENSG00000136689	IL1RN
ENSG00000090104	RGS1
ENSG00000276051	HLA-G
ENSG00000055957	ITIH1
ENSG00000178568	ERBB4
ENSG00000163106	HPGDS
ENSG00000136068	FLNB
ENSG00000078018	MAP2
ENSG00000111537	IFNG
ENSG00000090487	SPG21
ENSG00000165521	EML5
ENSG00000227460	SYNGAP1
ENSG00000114757	PEX5L
ENSG00000124767	GLO1
ENSG00000023909	GCLM
ENSG00000185737	NRG3
ENSG00000234876	NOTCH4
ENSG00000139618	BRCA2
ENSG00000188580	NKAIN2
ENSG00000107262	BAG1
ENSG00000171189	GRIK1
ENSG00000143603	KCNN3
ENSG00000277398	LILRA1
ENSG00000122585	NPY
ENSG00000277134	LILRB1
ENSG00000198959	TGM2
ENSG00000100577	GSTZ1
ENSG00000148180	GSN
ENSG00000163453	IGFBP7
ENSG00000227357	HLA-DRB4
ENSG00000099889	ARVCF
ENSG00000163288	GABRB1
ENSG00000169427	KCNK9
ENSG00000174437	ATP2A2
ENSG00000184545	DUSP8
ENSG00000156642	NPTN
ENSG00000197283	SYNGAP1
ENSG00000164305	CASP3
ENSG00000197635	DPP4
ENSG00000174059	CD34
ENSG00000093010	COMT
ENSG00000170485	NPAS2
ENSG00000196136	SERPINA3
ENSG00000151577	DRD3
ENSG00000150672	DLG2
ENSG00000011677	GABRA3
ENSG00000171867	PRNP
ENSG00000257017	HP
ENSG00000196616	ADH1B
ENSG00000124721	DNAH8
ENSG00000204842	ATXN2
ENSG00000199104	MIR346
ENSG00000223355	NOTCH4
ENSG00000204525	HLA-C
ENSG00000237216	HLA-G
ENSG00000197965	MPZL1
ENSG00000108256	NUFIP2
ENSG00000063046	EIF4B
ENSG00000276561	IRF7
ENSG00000198836	OPA1
ENSG00000186472	PCLO
ENSG00000072864	NDE1
ENSG00000008056	SYN1
ENSG00000100368	CSF2RB
ENSG00000170893	TRH
ENSG00000183715	OPCML
ENSG00000185666	SYN3
ENSG00000164342	TLR3
ENSG00000227993	HLA-DRA
ENSG00000185252	ZNF74
ENSG00000100038	TOP3B
ENSG00000145864	GABRB2
ENSG00000226704	HSPA1L
ENSG00000175785	PRIMA1
ENSG00000150540	HNMT
ENSG00000140563	MCTP2
ENSG00000159248	GJD2
ENSG00000104763	ASAH1
ENSG00000164687	FABP5
ENSG00000115419	GLS
ENSG00000090339	ICAM1
ENSG00000130876	SLC7A10
ENSG00000146535	GNA12
ENSG00000186951	PPARA
ENSG00000148908	RGS10
ENSG00000206452	HLA-C
ENSG00000107105	ELAVL2
ENSG00000206302	HLA-DQB1
ENSG00000074800	ENO1
ENSG00000196396	PTPN1
ENSG00000130287	NCAN
ENSG00000214285	NPS
ENSG00000179546	HTR1D
ENSG00000043591	ADRB1
ENSG00000157103	SLC6A1
ENSG00000175087	PDIK1L
ENSG00000100056	DGCR14
ENSG00000211448	DIO2
ENSG00000162734	PEA15
ENSG00000125650	PSPN
ENSG00000274965	TRPM1
ENSG00000120899	PTK2B
ENSG00000110436	SLC1A2
ENSG00000157150	TIMP4
ENSG00000136827	TOR1A
ENSG00000171885	AQP4
ENSG00000011600	TYROBP
ENSG00000232367	TAP1
ENSG00000121769	FABP3
ENSG00000120907	ADRA1A
ENSG00000171314	PGAM1
ENSG00000088305	DNMT3B
ENSG00000196502	SULT1A1
ENSG00000123908	AGO2
ENSG00000127990	SGCE
ENSG00000235941	HSPA1A
ENSG00000241973	PI4KA
ENSG00000196220	SRGAP3
ENSG00000102081	FMR1
ENSG00000278211	TRIM69
ENSG00000228582	TAP2
ENSG00000234623	MOG
ENSG00000157219	HTR5A
ENSG00000187730	GABRD
ENSG00000135312	HTR1B
ENSG00000167306	MYO5B
ENSG00000091583	APOH
ENSG00000143473	KCNH1
ENSG00000164089	ETNPPL
ENSG00000170312	CDK1
ENSG00000237022	HLA-C
ENSG00000100300	TSPO
ENSG00000229353	TNXB
ENSG00000118971	CCND2
ENSG00000277656	GSTT1
ENSG00000141401	IMPA2
ENSG00000110092	CCND1
ENSG00000171119	NRTN
ENSG00000118473	SGIP1
ENSG00000206450	HLA-B
ENSG00000163171	CDC42EP3
ENSG00000104852	SNRNP70
ENSG00000212128	TAS2R13
ENSG00000281690	ADAMTS12
ENSG00000137309	HMGA1
ENSG00000132639	SNAP25
ENSG00000005339	CREBBP
ENSG00000274538	PHLDA2
ENSG00000077498	TYR
ENSG00000169727	GPS1
ENSG00000198324	FAM109A
ENSG00000165646	SLC18A2
ENSG00000226979	LTA
ENSG00000156475	PPP2R2B
ENSG00000136854	STXBP1
ENSG00000164100	NDST3
ENSG00000277897	GSTT2
ENSG00000072518	MARK2
ENSG00000110786	PTPN5
ENSG00000010704	HFE
ENSG00000224320	HLA-A
ENSG00000231372	MICB
ENSG00000146383	TAAR6
ENSG00000170745	KCNS3
ENSG00000159377	PSMB4
ENSG00000169271	HSPB3
ENSG00000250799	PRODH2
ENSG00000203737	GPR52
ENSG00000091844	RGS17
ENSG00000165704	HPRT1
ENSG00000127483	HP1BP3
ENSG00000169245	CXCL10
ENSG00000112320	SOBP
ENSG00000111335	OAS2
ENSG00000232810	TNF
ENSG00000166510	CCDC68
ENSG00000196277	GRM7
ENSG00000111249	CUX2
ENSG00000146352	CLVS2
ENSG00000125740	FOSB
ENSG00000206503	HLA-A
ENSG00000147432	CHRNB3
ENSG00000105499	PLA2G4C
ENSG00000068305	MEF2A
ENSG00000143933	CALM2
ENSG00000228524	HLA-J
ENSG00000230279	LTA
ENSG00000078401	EDN1
ENSG00000100604	CHGA
ENSG00000140009	ESR2
ENSG00000206383	HSPA1L
ENSG00000166148	AVPR1A
ENSG00000140022	STON2
ENSG00000197019	SERTAD1
ENSG00000105974	CAV1
ENSG00000086200	IPO11
ENSG00000008513	ST3GAL1
ENSG00000131096	PYY
ENSG00000115902	SLC1A4
ENSG00000145384	FABP2
ENSG00000197249	SERPINA1
ENSG00000177885	GRB2
ENSG00000010327	STAB1
ENSG00000138071	ACTR2
ENSG00000215048	HLA-DPB1
ENSG00000185652	NTF3
ENSG00000068796	KIF2A
ENSG00000102225	CDK16
ENSG00000100714	MTHFD1
ENSG00000116741	RGS2
ENSG00000115840	SLC25A12
ENSG00000104327	CALB1
ENSG00000177455	CD19
ENSG00000110628	SLC22A18
ENSG00000104371	DKK4
ENSG00000094631	HDAC6
ENSG00000065150	IPO5
ENSG00000175344	CHRNA7
ENSG00000075275	CELSR1
ENSG00000122870	BICC1
ENSG00000163485	ADORA1
ENSG00000082212	ME2
ENSG00000178127	NDUFV2
ENSG00000142319	SLC6A3
ENSG00000145920	CPLX2
ENSG00000106366	SERPINE1
ENSG00000088826	SMOX
ENSG00000166165	CKB
ENSG00000147571	CRH
ENSG00000102001	CACNA1F
ENSG00000189058	APOD
ENSG00000122707	RECK
ENSG00000131018	SYNE1
ENSG00000233095	HLA-G
ENSG00000106113	CRHR2
ENSG00000173503	LTA
ENSG00000138061	CYP1B1
ENSG00000067606	PRKCZ
ENSG00000135541	AHI1
ENSG00000132694	ARHGEF11
ENSG00000111012	CYP27B1
ENSG00000005812	FBXL3
ENSG00000076356	PLXNA2
ENSG00000003056	M6PR
ENSG00000273457	TAS2R13
ENSG00000149557	FEZ1
ENSG00000198931	APRT
ENSG00000188906	LRRK2
ENSG00000105737	GRIK5
ENSG00000225206	MIR137HG
ENSG00000026103	FAS
ENSG00000198911	SREBF2
ENSG00000155897	ADCY8
ENSG00000102934	PLLP
ENSG00000170209	ANKK1
ENSG00000274726	ARHGEF10
ENSG00000172059	KLF11
ENSG00000180176	TH
ENSG00000149403	GRIK4
ENSG00000073969	NSF
ENSG00000140521	POLG
ENSG00000233209	HLA-DQB1
ENSG00000142192	APP
ENSG00000182667	NTM
ENSG00000146122	DAAM2
ENSG00000088387	DOCK9
ENSG00000113658	SMAD5
ENSG00000087510	TFAP2C
ENSG00000146648	EGFR
ENSG00000134853	PDGFRA
ENSG00000230726	HLA-DRA
ENSG00000109501	WFS1
ENSG00000134046	MBD2
ENSG00000276802	HERC2
ENSG00000131979	GCH1
ENSG00000162761	LMX1A
ENSG00000185291	IL3RA
ENSG00000079246	XRCC5
ENSG00000112139	MDGA1
ENSG00000115353	TACR1
ENSG00000101126	ADNP
ENSG00000156011	PSD3
ENSG00000205279	CTXN3
ENSG00000227715	HLA-A
ENSG00000120438	TCP1
ENSG00000188486	H2AFX
ENSG00000163513	TGFBR2
ENSG00000108953	YWHAE
ENSG00000136099	PCDH8
ENSG00000126215	XRCC3
ENSG00000040731	CDH10
ENSG00000164885	CDK5
ENSG00000234745	HLA-B
ENSG00000010017	RANBP9
ENSG00000064651	SLC12A2
ENSG00000204592	HLA-E
ENSG00000198610	AKR1C4
ENSG00000199090	MIR326
ENSG00000178394	HTR1A
ENSG00000171587	DSCAM
ENSG00000185591	SP1
ENSG00000129167	TPH1
ENSG00000147488	ST18
ENSG00000214113	LYRM4
ENSG00000257138	TAS2R38
ENSG00000143158	MPC2
ENSG00000075213	SEMA3A
ENSG00000225950	NTF4
ENSG00000115138	POMC
ENSG00000115919	KYNU
ENSG00000115457	IGFBP2
ENSG00000157168	NRG1
ENSG00000160712	IL6R
ENSG00000131771	PPP1R1B
ENSG00000121634	GJA8
ENSG00000182168	UNC5C
ENSG00000111144	LTA4H
ENSG00000150625	GPM6A
ENSG00000112081	SRSF3
ENSG00000158828	PINK1
ENSG00000273793	DUSP8
ENSG00000177425	PAWR
ENSG00000050165	DKK3
ENSG00000168546	GFRA2
ENSG00000167792	NDUFV1
ENSG00000128383	APOBEC3A
ENSG00000206505	HLA-A
ENSG00000163939	PBRM1
ENSG00000237112	GABBR1
ENSG00000030582	GRN
ENSG00000107104	KANK1
ENSG00000115604	IL18R1
ENSG00000174013	FBXO45
ENSG00000049768	FOXP3
ENSG00000188778	ADRB3
ENSG00000182771	GRID1
ENSG00000005381	MPO
ENSG00000170579	DLGAP1
ENSG00000169136	ATF5
ENSG00000165588	OTX2
ENSG00000169676	DRD5
ENSG00000147509	RGS20
ENSG00000121281	ADCY7
ENSG00000236490	TAPBP
ENSG00000120833	SOCS2
ENSG00000116791	CRYZ
ENSG00000172020	GAP43
ENSG00000226826	HLA-DPB1
ENSG00000151892	GFRA1
ENSG00000164398	ACSL6
ENSG00000230885	MOG
ENSG00000184207	PGP
ENSG00000163110	PDLIM5
ENSG00000207751	MIR130B
ENSG00000128310	GALR3
ENSG00000170989	S1PR1
ENSG00000101384	JAG1
ENSG00000187391	MAGI2
ENSG00000117009	KMO
ENSG00000181965	NEUROG1
ENSG00000145545	SRD5A1
ENSG00000204389	HSPA1A
ENSG00000276701	MIF
ENSG00000140199	SLC12A6
ENSG00000168314	MOBP
ENSG00000152495	CAMK4
ENSG00000150995	ITPR1
ENSG00000145692	BHMT
ENSG00000120875	DUSP4
ENSG00000196591	HDAC2
ENSG00000282152	DLGAP2
ENSG00000197386	HTT
ENSG00000230254	HLA-E
ENSG00000181019	NQO1
ENSG00000104728	ARHGEF10
ENSG00000124333	VAMP7
ENSG00000145335	SNCA
ENSG00000029153	ARNTL2
ENSG00000185122	HSF1
ENSG00000151276	MAGI1
ENSG00000108602	ALDH3A1
ENSG00000282712	DEAF1
ENSG00000113721	PDGFRB
ENSG00000154310	TNIK
ENSG00000174175	SELP
ENSG00000119772	DNMT3A
ENSG00000227816	TAP1
ENSG00000114487	MORC1
ENSG00000132024	CC2D1A
ENSG00000178695	KCTD12
ENSG00000132170	PPARG
ENSG00000105866	SP4
ENSG00000007168	PAFAH1B1
ENSG00000112902	SEMA5A
ENSG00000164616	FBXL21
ENSG00000082482	KCNK2
ENSG00000137563	GGH
ENSG00000072310	SREBF1
ENSG00000080824	HSP90AA1
ENSG00000116128	BCL9
ENSG00000074317	SNCB
ENSG00000236693	HLA-DPB1
ENSG00000167074	TEF
ENSG00000171843	MLLT3
ENSG00000171791	BCL2
ENSG00000160200	CBS
ENSG00000141086	CTRL
ENSG00000164399	IL3
ENSG00000257923	CUX1
ENSG00000158987	RAPGEF6
ENSG00000275911	NDE1
ENSG00000125538	IL1B
ENSG00000143631	FLG
ENSG00000234313	HCG9
ENSG00000204622	HLA-J
ENSG00000115649	CNPPD1
ENSG00000130816	DNMT1
ENSG00000124391	IL17C
ENSG00000149021	SCGB1A1
ENSG00000196876	SCN8A
ENSG00000231268	AGER
ENSG00000198736	MSRB1
ENSG00000112486	CCR6
ENSG00000125779	PANK2
ENSG00000242950	ERVW-1
ENSG00000152661	GJA1
ENSG00000144834	TAGLN3
ENSG00000164128	NPY1R
ENSG00000262418	PTPRC
ENSG00000170525	PFKFB3
ENSG00000234258	HSPA1L
ENSG00000114904	NEK4
ENSG00000133636	NTS
ENSG00000274161	DLGAP2
ENSG00000177606	JUN
ENSG00000138650	PCDH10
ENSG00000144285	SCN1A
ENSG00000104368	PLAT
ENSG00000134369	NAV1
ENSG00000175567	UCP2
ENSG00000059915	PSD
ENSG00000106013	ANKRD7
ENSG00000164362	TERT
ENSG00000169306	IL1RAPL1
ENSG00000231028	LINC00271
ENSG00000118271	TTR
ENSG00000108839	ALOX12
ENSG00000169252	ADRB2
ENSG00000181195	PENK
ENSG00000166664	CHRFAM7A
ENSG00000196781	TLE1
ENSG00000273079	GRIN2B
ENSG00000073578	SDHA
ENSG00000099940	SNAP29
ENSG00000140718	FTO
ENSG00000204388	HSPA1B
ENSG00000184634	MED12
ENSG00000150394	CDH8
ENSG00000065361	ERBB3
ENSG00000163599	CTLA4
ENSG00000168959	GRM5
ENSG00000170214	ADRA1B
ENSG00000187094	CCK
ENSG00000151729	SLC25A4
ENSG00000100284	TOM1
ENSG00000115665	SLC5A7
ENSG00000226173	TAP1
ENSG00000140545	MFGE8
ENSG00000189056	RELN
ENSG00000104332	SFRP1
ENSG00000136144	RCBTB1
ENSG00000109189	USP46
ENSG00000172673	THEMIS
ENSG00000073150	PANX2
ENSG00000171759	PAH
ENSG00000134115	CNTN6
ENSG00000172238	ATOH1
ENSG00000169567	HINT1
ENSG00000170345	FOS
ENSG00000002822	MAD1L1
ENSG00000188529	SRSF10
ENSG00000204681	GABBR1
ENSG00000197747	S100A10
ENSG00000085563	ABCB1
ENSG00000207604	MIR206
ENSG00000106278	PTPRZ1
ENSG00000012061	ERCC1
ENSG00000164588	HCN1
ENSG00000277807	LILRB1
ENSG00000184985	SORCS2
ENSG00000138792	ENPEP
ENSG00000134640	MTNR1B
ENSG00000069482	GAL
ENSG00000005421	PON1
ENSG00000136237	RAPGEF5
ENSG00000123360	PDE1B
ENSG00000238289	MICB
ENSG00000276495	APBA2
ENSG00000103546	SLC6A2
ENSG00000230705	TAP1
ENSG00000124493	GRM4
ENSG00000111674	ENO2
ENSG00000185985	SLITRK2
ENSG00000100197	CYP2D6
ENSG00000274669	LILRB1
ENSG00000166908	PIP4K2C
ENSG00000185483	ROR1
ENSG00000137726	FXYD6
ENSG00000168610	STAT3
ENSG00000165970	SLC6A5
ENSG00000107130	NCS1
ENSG00000166734	CASC4
ENSG00000206258	TNXB
ENSG00000182621	PLCB1
ENSG00000179915	NRXN1
ENSG00000144229	THSD7B
ENSG00000196498	NCOR2
ENSG00000099860	GADD45B
ENSG00000118702	GHRH
ENSG00000148842	CNNM2
ENSG00000198873	GRK5
ENSG00000179409	GEMIN4
ENSG00000071626	DAZAP1
ENSG00000069018	TRPC7
ENSG00000226586	HLA-J
ENSG00000206299	TAP2
ENSG00000105695	MAG
ENSG00000139155	SLCO1C1
ENSG00000234074	HLA-J
ENSG00000169083	AR
ENSG00000154889	MPPE1
ENSG00000206308	HLA-DRA
ENSG00000068024	HDAC4
ENSG00000149435	GGTLC1
ENSG00000175445	LPL
ENSG00000165995	CACNB2
ENSG00000187258	NPSR1
ENSG00000232632	GABBR1
ENSG00000228849	TNF
ENSG00000215328	HSPA1A
ENSG00000104325	DECR1
ENSG00000128512	DOCK4
ENSG00000276996	SLC6A3
ENSG00000278174	NSF
ENSG00000155511	GRIA1
ENSG00000149294	NCAM1
ENSG00000164129	NPY5R
ENSG00000036565	SLC18A1
ENSG00000115594	IL1R1
ENSG00000125675	GRIA3
ENSG00000231179	MICB
ENSG00000163659	TIPARP
ENSG00000100360	IFT27
ENSG00000266964	FXYD1
ENSG00000256762	STH
ENSG00000130164	LDLR
ENSG00000140538	NTRK3
ENSG00000016082	ISL1
ENSG00000152034	MCHR2
ENSG00000136238	RAC1
ENSG00000078142	PIK3C3
ENSG00000110324	IL10RA
ENSG00000212866	HSPA1B
ENSG00000132002	DNAJB1
ENSG00000124785	NRN1
ENSG00000099715	PCDH11Y
ENSG00000166743	ACSM1
ENSG00000138031	ADCY3
ENSG00000135625	EGR4
ENSG00000126368	NR1D1
ENSG00000113100	CDH9
ENSG00000229215	HLA-A
ENSG00000162009	SSTR5
ENSG00000197217	ENTPD4
ENSG00000283170	MIR382
ENSG00000130540	SULT4A1
ENSG00000237834	MOG
ENSG00000131095	GFAP
ENSG00000176749	CDK5R1
ENSG00000168394	TAP1
ENSG00000101134	DOK5
ENSG00000114200	BCHE
ENSG00000099917	MED15
ENSG00000224608	HLA-B
ENSG00000277893	SRD5A2
ENSG00000273562	NAP1L4
ENSG00000050628	PTGER3
ENSG00000021762	OSBPL5
ENSG00000138136	LBX1
ENSG00000102172	SMS
ENSG00000111640	GAPDH
ENSG00000131759	RARA
ENSG00000228987	HLA-DRA
ENSG00000163032	VSNL1
ENSG00000101438	SLC32A1
ENSG00000117632	STMN1
ENSG00000145386	CCNA2
ENSG00000207568	MIR203A
ENSG00000144619	CNTN4
ENSG00000080503	SMARCA2
ENSG00000120738	EGR1
ENSG00000170606	HSPA4
ENSG00000160179	ABCG1
ENSG00000164924	YWHAZ
ENSG00000228321	TNF
ENSG00000168539	CHRM1
ENSG00000275525	LILRA1
ENSG00000011376	LARS2
ENSG00000151790	TDO2
ENSG00000278165	DUSP8
ENSG00000120129	DUSP1
ENSG00000182687	GALR2
ENSG00000141873	SLC39A3
ENSG00000100033	PRODH
ENSG00000198121	LPAR1
ENSG00000148680	HTR7
ENSG00000262156	APOBEC3A
ENSG00000236632	HLA-E
ENSG00000185880	TRIM69
ENSG00000178473	UCN3
ENSG00000118689	FOXO3
ENSG00000100427	MLC1
ENSG00000251322	SHANK3
ENSG00000128245	YWHAH
ENSG00000139190	VAMP1
ENSG00000221823	PPP3R1
ENSG00000229341	TNXB
ENSG00000197969	VPS13A
ENSG00000102753	KPNA3
ENSG00000279610	C20orf181
ENSG00000231834	HLA-A
ENSG00000112715	VEGFA
ENSG00000087085	ACHE
ENSG00000113580	NR3C1
ENSG00000114698	PLSCR4
ENSG00000100302	RASD2
ENSG00000139428	MMAB
ENSG00000140505	CYP1A2
ENSG00000068354	TBC1D25
ENSG00000113492	AGXT2
ENSG00000143178	TBX19
ENSG00000206235	TAP2
ENSG00000120903	CHRNA2
ENSG00000110497	AMBRA1
ENSG00000206208	TAPBP
ENSG00000166825	ANPEP
ENSG00000080644	CHRNA3
ENSG00000165495	PKNOX2
ENSG00000138622	HCN4
ENSG00000157542	KCNJ6
ENSG00000141627	DYM
ENSG00000118058	KMT2A
ENSG00000138758	SEPT11
ENSG00000235657	HLA-A
ENSG00000146399	TAAR1
ENSG00000106089	STX1A
ENSG00000140945	CDH13
ENSG00000070759	TESK2
ENSG00000276781	CHGA
ENSG00000111664	GNB3
ENSG00000205531	NAP1L4
ENSG00000104974	LILRA1
ENSG00000142208	AKT1
ENSG00000023228	NDUFS1
ENSG00000038210	PI4K2B
ENSG00000196433	ASMT
ENSG00000117592	PRDX6
ENSG00000240972	MIF
ENSG00000112062	MAPK14
ENSG00000223680	DDR1
ENSG00000109320	NFKB1
ENSG00000156110	ADK
ENSG00000206511	GABBR1
ENSG00000112759	SLC29A1
ENSG00000171533	MAP6
ENSG00000156650	KAT6B
ENSG00000172936	MYD88
ENSG00000160191	PDE9A
ENSG00000204175	GPRIN2
ENSG00000106976	DNM1
ENSG00000108840	HDAC5
ENSG00000147588	PMP2
ENSG00000230708	HLA-DPB1
ENSG00000165092	ALDH1A1
ENSG00000206435	HLA-C
ENSG00000110931	CAMKK2
ENSG00000206297	TAP1
ENSG00000238196	NOTCH4
ENSG00000173786	CNP
ENSG00000123843	C4BPB
ENSG00000156515	HK1
ENSG00000137462	TLR2
ENSG00000135069	PSAT1
ENSG00000182256	GABRG3
ENSG00000206466	GABBR1
ENSG00000100219	XBP1
ENSG00000095752	IL11
ENSG00000147889	CDKN2A
ENSG00000087086	FTL
ENSG00000166579	NDEL1
ENSG00000173083	HPSE
ENSG00000184984	CHRM5
ENSG00000005844	ITGAL
ENSG00000183395	PMCH
ENSG00000049245	VAMP3
ENSG00000172575	RASGRP1
ENSG00000120885	CLU
ENSG00000206237	HLA-DQB1
ENSG00000112333	NR2E1
ENSG00000169684	CHRNA5
ENSG00000273707	CDKN1C
ENSG00000147246	HTR2C
ENSG00000198974	MIR30E
ENSG00000185507	IRF7
ENSG00000169710	FASN
ENSG00000111669	TPI1
ENSG00000276262	NSF
ENSG00000185340	GAS2L1
ENSG00000106178	CCL24
ENSG00000136634	IL10
ENSG00000152601	MBNL1
ENSG00000206504	HCG9
ENSG00000232641	MOG
ENSG00000104154	SLC30A4
ENSG00000119866	BCL11A
ENSG00000109158	GABRA4
ENSG00000125148	MT2A
ENSG00000116906	GNPAT
ENSG00000102265	TIMP1
ENSG00000142182	DNMT3L
ENSG00000169032	MAP2K1
ENSG00000121671	CRY2
ENSG00000204390	HSPA1L
ENSG00000170296	GABARAP
ENSG00000081237	PTPRC
ENSG00000117091	CD48
ENSG00000223532	HLA-B
ENSG00000101958	GLRA2
ENSG00000124134	KCNS1
ENSG00000237599	TAP2
ENSG00000124479	NDP
ENSG00000143226	FCGR2A
ENSG00000132164	SLC6A11
ENSG00000165140	FBP1
ENSG00000099901	RANBP1
ENSG00000137869	CYP19A1
ENSG00000119899	SLC17A5
ENSG00000167720	SRR
ENSG00000035928	RFC1
ENSG00000163430	FSTL1
ENSG00000101292	PROKR2
ENSG00000028137	TNFRSF1B
ENSG00000149295	DRD2
ENSG00000171045	TSNARE1
ENSG00000091664	SLC17A6
ENSG00000100294	MCAT
ENSG00000106688	SLC1A1
ENSG00000107186	MPDZ
ENSG00000198099	ADH4
ENSG00000175220	ARHGAP1
ENSG00000196664	TLR7
ENSG00000108599	AKAP10
ENSG00000167207	NOD2
ENSG00000172845	SP3
ENSG00000102780	DGKH
ENSG00000154146	NRGN
ENSG00000070831	CDC42
ENSG00000277586	NEFL
ENSG00000128191	DGCR8
ENSG00000120868	APAF1
ENSG00000168993	CPLX1
ENSG00000196517	SLC6A9
ENSG00000064300	NGFR
ENSG00000144567	FAM134A
ENSG00000181852	RNF41
ENSG00000071994	PDCD2
ENSG00000141433	ADCYAP1
ENSG00000262635	TDO2
ENSG00000121879	PIK3CA
ENSG00000091831	ESR1
ENSG00000182732	RGS6
ENSG00000204625	HCG9
ENSG00000206449	MICB
ENSG00000086205	FOLH1
ENSG00000164107	HAND2
ENSG00000176974	SHMT1
ENSG00000238130	LTA
ENSG00000034510	TMSB10
ENSG00000174804	FZD4
ENSG00000161610	HCRT
ENSG00000101327	PDYN
ENSG00000237710	HLA-DPB1
ENSG00000228080	HLA-DRB1
ENSG00000087460	GNAS
ENSG00000160194	NDUFV3
ENSG00000118482	PHF3
ENSG00000163394	CCKAR
ENSG00000073756	PTGS2
ENSG00000149305	HTR3B
ENSG00000197223	C1D
ENSG00000140557	ST8SIA2
ENSG00000197381	ADARB1
ENSG00000012048	BRCA1
ENSG00000141837	CACNA1A
ENSG00000184916	JAG2
ENSG00000107957	SH3PXD2A
ENSG00000171368	TPPP
ENSG00000227647	HCG9
ENSG00000131203	IDO1
ENSG00000171408	PDE7B
ENSG00000235396	NOTCH4
ENSG00000100075	SLC25A1
ENSG00000206240	HLA-DRB1
ENSG00000134852	CLOCK
ENSG00000159640	ACE
ENSG00000140459	CYP11A1
ENSG00000105281	SLC1A5
ENSG00000007062	PROM1
ENSG00000110693	SOX6
ENSG00000179776	CDH5
ENSG00000152092	ASTN1
ENSG00000126010	GRPR
ENSG00000228978	TNF
ENSG00000187553	CYP26C1
ENSG00000074047	GLI2
ENSG00000148346	LCN2
ENSG00000220205	VAMP2
ENSG00000243336	HLA-J
ENSG00000164651	SP8
ENSG00000078579	FGF20
ENSG00000277278	HERC2
ENSG00000141404	GNAL
ENSG00000100299	ARSA
ENSG00000173372	C1QA
ENSG00000270106	TSNAX-DISC1
ENSG00000174521	TTC9B
ENSG00000113448	PDE4D
ENSG00000129910	CDH15
ENSG00000179094	PER1
ENSG00000175806	MSRA
ENSG00000140948	ZCCHC14
ENSG00000124588	NQO2
ENSG00000223481	TAP2
ENSG00000124788	ATXN1
ENSG00000124181	PLCG1
ENSG00000170099	SERPINA6
ENSG00000180720	CHRM4
ENSG00000196632	WNK3
ENSG00000176697	BDNF
ENSG00000206506	HLA-G
ENSG00000186090	HTR3D
ENSG00000113327	GABRG2
ENSG00000187010	RHD
ENSG00000070526	ST6GALNAC1
ENSG00000255398	HCAR3
ENSG00000182782	HCAR2
ENSG00000101144	BMP7
ENSG00000255112	CHMP1B
ENSG00000072832	CRMP1
ENSG00000105143	SLC1A6
ENSG00000166501	PRKCB
ENSG00000107984	DKK1
ENSG00000265107	GJA5
ENSG00000171532	NEUROD2
ENSG00000140465	CYP1A1
ENSG00000148737	TCF7L2
ENSG00000175899	A2M
ENSG00000196344	ADH7
ENSG00000106258	CYP3A5
ENSG00000230413	HLA-G
ENSG00000177000	MTHFR
ENSG00000112309	B3GAT2
ENSG00000204305	AGER
ENSG00000128573	FOXP2
ENSG00000168298	HIST1H1E
ENSG00000232307	DAOA-AS1
ENSG00000158985	CDC42SE2
ENSG00000108576	SLC6A4
ENSG00000115008	IL1A
ENSG00000231925	TAPBP
ENSG00000277377	SERPINA1
ENSG00000198246	SLC29A3
ENSG00000137073	UBAP2
ENSG00000166736	HTR3A
ENSG00000006125	AP2B1
ENSG00000144668	ITGA9
ENSG00000198625	MDM4
ENSG00000174697	LEP
ENSG00000276191	CRHR1
ENSG00000161509	GRIN2C
ENSG00000277044	OPRL1
ENSG00000166573	GALR1
ENSG00000002834	LASP1
ENSG00000177030	DEAF1
ENSG00000137332	DDR1
ENSG00000163794	UCN
ENSG00000110492	MDK
ENSG00000170340	B3GNT2
ENSG00000083093	PALB2
ENSG00000168779	SHOX2
ENSG00000010379	SLC6A13
ENSG00000123095	BHLHE41
ENSG00000174827	PDZK1
ENSG00000128655	PDE11A
ENSG00000223865	HLA-DPB1
ENSG00000113749	HRH2
ENSG00000099899	TRMT2A
ENSG00000100281	HMGXB4
ENSG00000116729	WLS
ENSG00000172179	PRL
ENSG00000179869	ABCA13
ENSG00000128918	ALDH1A2
ENSG00000100385	IL2RB
ENSG00000110076	NRXN2
ENSG00000224378	MICB
ENSG00000118260	CREB1
ENSG00000123384	LRP1
ENSG00000132718	SYT11
ENSG00000106070	GRB10
ENSG00000182836	PLCXD3
ENSG00000099904	ZDHHC8
ENSG00000128564	VGF
ENSG00000181355	OFCC1
ENSG00000068366	ACSL4
ENSG00000117480	FAAH
ENSG00000175779	C15orf53
ENSG00000015475	BID
ENSG00000170890	PLA2G1B
ENSG00000113532	ST8SIA4
ENSG00000186871	ERCC6L
ENSG00000004478	FKBP4
ENSG00000063854	HAGH
ENSG00000185009	AP3M1
ENSG00000277405	SERPINA6
ENSG00000237405	AGER
ENSG00000146276	GABRR1
ENSG00000134107	BHLHE40
ENSG00000013297	CLDN11
ENSG00000055118	KCNH2
ENSG00000204516	MICB
ENSG00000154175	ABI3BP
ENSG00000112658	SRF
ENSG00000138685	FGF2
ENSG00000160716	CHRNB2
ENSG00000166206	GABRB3
ENSG00000160791	CCR5
ENSG00000127324	TSPAN8
ENSG00000159339	PADI4
ENSG00000235750	KIAA0040
ENSG00000099984	GSTT2
ENSG00000146070	PLA2G7
ENSG00000169760	NLGN1
ENSG00000078295	ADCY2
ENSG00000197894	ADH5
ENSG00000204632	HLA-G
ENSG00000110799	VWF
ENSG00000174600	CMKLR1
ENSG00000006128	TAC1
ENSG00000148848	ADAM12
ENSG00000170370	EMX2
ENSG00000225691	HLA-C
ENSG00000230514	AGER
ENSG00000263528	IKBKE
ENSG00000170891	CYTL1
ENSG00000177807	KCNJ10
ENSG00000213901	SLC23A3
ENSG00000100146	SOX10
ENSG00000157388	CACNA1D
ENSG00000160307	S100B
ENSG00000160299	PCNT
ENSG00000147852	VLDLR
ENSG00000189283	FHIT
ENSG00000128052	KDR
ENSG00000235346	HLA-G
ENSG00000159063	ALG8
ENSG00000179344	HLA-DQB1
ENSG00000134824	FADS2
ENSG00000066468	FGFR2
ENSG00000147894	C9orf72
ENSG00000048052	HDAC9
ENSG00000244509	APOBEC3C
ENSG00000207955	MIR219A2
ENSG00000206439	TNF
ENSG00000166343	MSS51
ENSG00000176884	GRIN1
ENSG00000232326	TAP2
ENSG00000137345	MOG
ENSG00000143248	RGS5
ENSG00000233841	HLA-C
ENSG00000232126	HLA-B
ENSG00000081479	LRP2
ENSG00000116984	MTR
ENSG00000196262	PPIA
ENSG00000152822	GRM1
ENSG00000130203	APOE
ENSG00000168439	STIP1
ENSG00000146038	DCDC2
ENSG00000099381	SETD1A
ENSG00000142224	IL19
ENSG00000152578	GRIA4
ENSG00000196110	ZNF699
ENSG00000177103	DSCAML1
ENSG00000143387	CTSK
ENSG00000152422	XRCC4
ENSG00000100985	MMP9
ENSG00000187140	FOXD3
ENSG00000082196	C1QTNF3
ENSG00000122545	SEPT7
ENSG00000166598	HSP90B1
ENSG00000204406	MBD5
ENSG00000082701	GSK3B
ENSG00000197406	DIO3
ENSG00000151834	GABRA2
ENSG00000236221	TNXB
ENSG00000155974	GRIP1
ENSG00000233904	HLA-E
ENSG00000012660	ELOVL5
ENSG00000243708	PLA2G4B
ENSG00000122971	ACADS
ENSG00000146938	NLGN4X
ENSG00000035687	ADSS
ENSG00000047579	DTNBP1
ENSG00000234218	MICB
ENSG00000096717	SIRT1
ENSG00000122194	PLG
ENSG00000145526	CDH18
ENSG00000274935	LILRA1
ENSG00000112531	QKI
ENSG00000085377	PREP
ENSG00000197408	CYP2B6
ENSG00000111602	TIMELESS
ENSG00000142185	TRPM2
ENSG00000197919	IFNA1
ENSG00000124635	HIST1H2BJ
ENSG00000133019	CHRM3
ENSG00000143801	PSEN2
ENSG00000136267	DGKB
ENSG00000166862	CACNG2
ENSG00000258839	MC1R
ENSG00000043355	ZIC2
ENSG00000109906	ZBTB16
ENSG00000143379	SETDB1
ENSG00000114988	LMAN2L
ENSG00000100095	SEZ6L
ENSG00000134333	LDHA
ENSG00000116918	TSNAX
ENSG00000114646	CSPG5
ENSG00000118113	MMP8
ENSG00000183785	TUBA8
ENSG00000010810	FYN
ENSG00000140937	CDH11
ENSG00000206320	AGER
ENSG00000113758	DBN1
ENSG00000183454	GRIN2A
ENSG00000107859	PITX3
ENSG00000276111	SDCCAG8
ENSG00000184347	SLIT3
ENSG00000069869	NEDD4
ENSG00000058335	RASGRF1
ENSG00000115241	PPM1G
ENSG00000138109	CYP2C9
ENSG00000075429	CACNG5
ENSG00000276130	SLC22A18
ENSG00000073849	ST6GAL1
ENSG00000115705	TPO
ENSG00000166603	MC4R
ENSG00000125398	SOX9
ENSG00000121764	HCRTR1
ENSG00000141510	TP53
ENSG00000242110	AMACR
ENSG00000237724	HSPA1A
ENSG00000001084	GCLC
ENSG00000095587	TLL2
ENSG00000168412	MTNR1A
ENSG00000140025	EFCAB11
ENSG00000112812	PRSS16
ENSG00000111181	SLC6A12
ENSG00000120088	CRHR1
ENSG00000163931	TKT
ENSG00000204301	NOTCH4
ENSG00000198668	CALM1
ENSG00000203797	DDO
ENSG00000164418	GRIK2
ENSG00000154229	PRKCA
ENSG00000206941	SNORD15A
ENSG00000089116	LHX5
ENSG00000196358	NTNG2
ENSG00000065989	PDE4A
ENSG00000171720	HDAC3
ENSG00000006007	GDE1
ENSG00000124140	SLC12A5
ENSG00000272532	CYP2D6
ENSG00000115414	FN1
ENSG00000105989	WNT2
ENSG00000105409	ATP1A3
ENSG00000223980	HLA-A
ENSG00000168038	ULK4
ENSG00000066427	ATXN3
ENSG00000103510	KAT8
ENSG00000118432	CNR1
ENSG00000163536	SERPINI1
ENSG00000168528	SERINC2
ENSG00000008441	NFIX
ENSG00000281151	KCNQ2
ENSG00000075043	KCNQ2
ENSG00000228964	HLA-B
ENSG00000165471	MBL2
ENSG00000132693	CRP
ENSG00000275211	CYP2D6
ENSG00000248144	ADH1C
ENSG00000092964	DPYSL2
ENSG00000139318	DUSP6
ENSG00000105127	AKAP8
ENSG00000251562	MALAT1
ENSG00000121691	CAT
ENSG00000122877	EGR2
ENSG00000076984	MAP2K7
ENSG00000163064	EN1
ENSG00000232569	GABBR1
ENSG00000028116	VRK2
ENSG00000008083	JARID2
ENSG00000070808	CAMK2A
ENSG00000163399	ATP1A1
ENSG00000129214	SHBG
ENSG00000273749	CYFIP1
ENSG00000133731	IMPA1
ENSG00000117407	ARTN
ENSG00000096060	FKBP5
ENSG00000089041	P2RX7
ENSG00000101188	NTSR1
ENSG00000197971	MBP
ENSG00000146469	VIP
ENSG00000117152	RGS4
ENSG00000116711	PLA2G4A
ENSG00000162891	IL20
ENSG00000108557	RAI1
ENSG00000111783	RFX4
ENSG00000018625	ATP1A2
ENSG00000189319	FAM53B
ENSG00000112038	OPRM1
ENSG00000102882	MAPK3
ENSG00000162267	ITIH3
ENSG00000117245	KIF17
ENSG00000101074	R3HDML
ENSG00000126562	WNK4
ENSG00000004809	SLC22A16
ENSG00000164082	GRM2
ENSG00000142166	IFNAR1
ENSG00000087258	GNAO1
ENSG00000165973	NELL1
ENSG00000156218	ADAMTSL3
ENSG00000069535	MAOB
ENSG00000131748	STARD3
ENSG00000054282	SDCCAG8
ENSG00000159164	SV2A
ENSG00000177575	CD163
ENSG00000116096	SPR
ENSG00000157193	LRP8
ENSG00000123191	ATP7B
ENSG00000163285	GABRG1
ENSG00000095303	PTGS1
ENSG00000133027	PEMT
ENSG00000168477	TNXB
ENSG00000227826	HLA-DRB4
ENSG00000070748	CHAT
ENSG00000278191	CARS
ENSG00000153291	SLC25A27
ENSG00000143786	CNIH3
ENSG00000112096	SOD2
ENSG00000069431	ABCC9
ENSG00000230763	HLA-DPB1
ENSG00000277603	TPO
ENSG00000233323	TNXB
ENSG00000183628	DGCR6
ENSG00000134812	GIF
ENSG00000173039	RELA
ENSG00000176463	SLCO3A1
ENSG00000236236	TNXB
ENSG00000120910	PPP3CC
ENSG00000168000	BSCL2
ENSG00000106771	TMEM245
ENSG00000171094	ALK
ENSG00000153234	NR4A2
ENSG00000179603	GRM8
ENSG00000115194	SLC30A3
ENSG00000158748	HTR6
ENSG00000139287	TPH2
ENSG00000239264	TXNDC5
ENSG00000176136	MC5R
ENSG00000168398	BDKRB2
ENSG00000224501	HSPA1B
ENSG00000166833	NAV2
ENSG00000055955	ITIH4
ENSG00000189114	BLOC1S3
ENSG00000084207	GSTP1
ENSG00000177143	CETN1
ENSG00000149485	FADS1
ENSG00000278788	SBNO2
ENSG00000100151	PICK1
ENSG00000179476	C14orf28
ENSG00000189221	MAOA
ENSG00000185149	NPY2R
ENSG00000130066	SAT1
ENSG00000182346	DAOA
ENSG00000134160	TRPM1
ENSG00000104290	FZD3
ENSG00000108691	CCL2
ENSG00000164270	HTR4
ENSG00000100290	BIK
ENSG00000051108	HERPUD1
ENSG00000102554	KLF5
ENSG00000259384	GH1
ENSG00000068903	SIRT2
ENSG00000146376	ARHGAP18
ENSG00000158815	FGF17
ENSG00000034053	APBA2
ENSG00000122375	OPN4
ENSG00000146013	GFRA3
ENSG00000206493	HLA-E
ENSG00000231286	HLA-DQB1
ENSG00000144355	DLX1
ENSG00000136279	DBNL
ENSG00000100321	SYNGR1
ENSG00000120251	GRIA2
ENSG00000154059	IMPACT
ENSG00000184470	TXNRD2
ENSG00000078549	ADCYAP1R1
ENSG00000082458	DLG3
ENSG00000145708	CRHBP
ENSG00000022355	GABRA1
ENSG00000078269	SYNJ2
ENSG00000109471	IL2
ENSG00000175164	ABO
ENSG00000198822	GRM3
ENSG00000223439	HLA-J
ENSG00000111424	VDR
ENSG00000126581	BECN1
ENSG00000175193	PARL
ENSG00000112493	TAPBP
ENSG00000236561	MOG
ENSG00000132326	PER2
ENSG00000134259	NGF
ENSG00000144485	HES6
ENSG00000130643	CALY
ENSG00000129757	CDKN1C
ENSG00000128917	DLL4
ENSG00000181649	PHLDA2
ENSG00000162989	KCNJ3
ENSG00000121904	CSMD2
ENSG00000132670	PTPRA
ENSG00000163558	PRKCI
ENSG00000185668	POU3F1
ENSG00000148219	ASTN2
ENSG00000224212	TAP1
ENSG00000150594	ADRA2A
ENSG00000135744	AGT
ENSG00000198055	GRK6
ENSG00000254585	MAGEL2
ENSG00000160868	CYP3A4
ENSG00000183826	BTBD9
ENSG00000113302	IL12B
ENSG00000105245	NUMBL
ENSG00000115286	NDUFS7
ENSG00000123560	PLP1
ENSG00000169836	TACR3
ENSG00000148926	ADM
ENSG00000186318	BACE1
ENSG00000206312	NOTCH4
ENSG00000130204	TOMM40
ENSG00000277254	TAS2R13
ENSG00000135423	GLS2
ENSG00000128271	ADORA2A
ENSG00000143771	CNIH4
ENSG00000008196	TFAP2B
ENSG00000108819	PPP1R9B
ENSG00000128731	HERC2
ENSG00000143839	REN
ENSG00000215522	DDR1
ENSG00000164068	RNF123
ENSG00000104888	SLC17A7
ENSG00000234096	MOG
ENSG00000276825	DRD4
ENSG00000041515	MYO16
ENSG00000073792	IGF2BP2
ENSG00000141551	CSNK1D
ENSG00000170807	LMOD2
ENSG00000145819	ARHGAP26
ENSG00000079112	CDH17
ENSG00000173826	KCNH6
ENSG00000162946	DISC1
ENSG00000102524	TNFSF13B
ENSG00000076351	SLC46A1
ENSG00000169429	CXCL8
ENSG00000242689	CNTF
ENSG00000237812	HCG9
ENSG00000281670	CABIN1
ENSG00000168385	SEPT2
ENSG00000184156	KCNQ3
ENSG00000077943	ITGA8
ENSG00000278195	SSTR3
ENSG00000117281	CD160
ENSG00000206306	HLA-DRB1
ENSG00000165868	HSPA12A
ENSG00000133083	DCLK1
ENSG00000016864	GLT8D1
ENSG00000013016	EHD3
ENSG00000113360	DROSHA
ENSG00000185565	LSAMP
ENSG00000105697	HAMP
ENSG00000107317	PTGDS
ENSG00000111275	ALDH2
ENSG00000110619	CARS
ENSG00000282318	DLGAP2
ENSG00000145794	MEGF10
ENSG00000134982	APC
ENSG00000137203	TFAP2A
ENSG00000223919	LTA
ENSG00000188822	CNR2
ENSG00000135821	GLUL
ENSG00000168209	DDIT4
ENSG00000227772	MICB
ENSG00000164309	CMYA5
ENSG00000163421	PROK2
ENSG00000231608	TNXB
ENSG00000158402	CDC25C
ENSG00000100297	MCM5
ENSG00000134001	EIF2S1
ENSG00000118515	SGK1
ENSG00000101204	CHRNA4
ENSG00000064932	SBNO2
ENSG00000173369	C1QB
ENSG00000072041	SLC6A15
ENSG00000171428	NAT1
ENSG00000132535	DLG4
ENSG00000228299	HLA-C
ENSG00000001626	CFTR
ENSG00000154727	GABPA
ENSG00000112541	PDE10A
ENSG00000100697	DICER1
ENSG00000111886	GABRR2
ENSG00000141959	PFKL
ENSG00000102468	HTR2A
ENSG00000234794	HLA-DRA
ENSG00000157005	SST
ENSG00000130787	HIP1R
ENSG00000080815	PSEN1
ENSG00000133794	ARNTL
ENSG00000157017	GHRL
ENSG00000109956	B3GAT1
ENSG00000129625	REEP5
ENSG00000044574	HSPA5
ENSG00000128285	MCHR1
ENSG00000173175	ADCY5
ENSG00000163661	PTX3
ENSG00000007372	PAX6
ENSG00000134109	EDEM1
ENSG00000235309	HLA-J
ENSG00000110887	DAO
ENSG00000172955	ADH6
ENSG00000155269	GPR78
ENSG00000229252	HLA-E
ENSG00000137055	PLAA
ENSG00000069667	RORA
ENSG00000231939	HLA-DQB1
ENSG00000136928	GABBR2
ENSG00000229074	HLA-DRB1
ENSG00000148053	NTRK2
ENSG00000165841	CYP2C19
ENSG00000152413	HOMER1
ENSG00000163873	GRIK3
ENSG00000137486	ARRB1
ENSG00000132437	DDC
ENSG00000087087	SRRT
ENSG00000017427	IGF1
ENSG00000179097	HTR1F
ENSG00000169896	ITGAM
ENSG00000173166	RAPH1
ENSG00000162892	IL24
ENSG00000180914	OXTR
ENSG00000006534	ALDH3B1
ENSG00000105662	CRTC1
ENSG00000185267	CDNF
ENSG00000168081	PNOC
ENSG00000277956	MAPT
ENSG00000159337	PLA2G4D
ENSG00000073861	TBX21
ENSG00000167244	IGF2
ENSG00000089639	GMIP
ENSG00000153993	SEMA3D
ENSG00000152332	UHMK1
ENSG00000081803	CADPS2
ENSG00000134531	EMP1
ENSG00000112033	PPARD
ENSG00000164434	FABP7
ENSG00000158321	AUTS2
ENSG00000008405	CRY1
ENSG00000151929	BAG3
ENSG00000213923	CSNK1E
ENSG00000274474	YWHAE
ENSG00000138798	EGF
ENSG00000237051	GABBR1
ENSG00000151067	CACNA1C
ENSG00000204580	DDR1
ENSG00000206281	TAPBP
ENSG00000066032	CTNNA2
ENSG00000173898	SPTBN2
ENSG00000154162	CDH12
ENSG00000224748	TAP1
ENSG00000204490	TNF
ENSG00000249915	PDCD6
ENSG00000174226	SNX31
ENSG00000184845	DRD1
ENSG00000114166	KAT2B
ENSG00000084628	NKAIN1
ENSG00000117594	HSD11B1
ENSG00000168036	CTNNB1
ENSG00000106852	LHX6
ENSG00000176406	RIMS2
ENSG00000105397	TYK2
ENSG00000163220	S100A9
ENSG00000183090	FREM3
ENSG00000280618	CYFIP1
ENSG00000136944	LMX1B
ENSG00000143819	EPHX1
ENSG00000128342	LIF
ENSG00000101981	F9
ENSG00000126353	CCR7
ENSG00000100099	HPS4
ENSG00000197465	GYPE
ENSG00000243955	GSTA1
ENSG00000166670	MMP10
ENSG00000077782	FGFR1
ENSG00000115310	RTN4
ENSG00000108231	LGI1
ENSG00000005471	ABCB4
ENSG00000118946	PCDH17
ENSG00000082556	OPRK1
ENSG00000277263	HLA-DRA
ENSG00000272458	MIR432
ENSG00000171497	PPID
ENSG00000103942	HOMER2
ENSG00000105221	AKT2
ENSG00000021645	NRXN3
